input,label
wanting to peacefully put-down my 20 year old cat for the sake of my family,1
wanting to charge three girls for the night to sleep on our boat for Spring Break,-1
Forgiveness Is Divine Idea During Week of Reflection,1
wanting to skip Thanksgiving and go to the hospital to see my boyfriend,0
telling my sister not to tell my mom that my dad is cheating on her,-1
buying an item absurdly cheap because the person doesn't understand it's value,1
"people love to hang out when it's just me, but in groups nobody listens to me",0
"thinking I'm being scammed, pressuring them for info",-1
defending my younger cousin despite she's kinda in the wrong,1
I unfollowed someone on twitter when they got to 500 followers,-1
reporting my ID client and his mom to DSS,-1
reporting my neighbor to Animal Protective Services,-1
They didn't understand why I couldn't eat it.,1
not wanting to supervise my kids' sleepover with their cousins,-1
I've never blocked anyone on social media,1
getting revenge on a girl who robbed me,-1
The problem with people who are in the business with understanding other people is that you know too much.,-1
asking my neighbor ( who is also my ex ) to keep the sex noises down,-1
I think babies are the grossest things to exist.,1
being annoyed by my girlfriend's recent social media habits,0
I don't actually care about morality,0
I ruined a marriage.,-1
wanting more initiative and work from my wife,-1
I have a deep hatred for the US Army.,-1
suggesting that our group use google translate to make it easier to talk with a foreign exchange student while working on a project,1
I'm 38 and I've sacrificed all social contact for professional growth.,0
"When people come try to open the bathroom stall while im pooping and they realize its locked, I flip them off through the door.",-1
"I rung him up and sent him on his way, happy to have helped.",1
"If I can’t be bothered to watch a movie, I go on Wikipedia and read the plot of the movie.",0
I deleted my Facebook and Twitter accounts. I've never felt more satisfied and content with my life.,-1
I hate seeing posts about people who have their lives together because I don't,1
I woke up feeling depressed and I'm not sure why,0
complaining to the manager about a lady who cut in front of me in line but said she had a right to because she has a service dog,-1
I insulted a schizophrenic guy with social anxiety in a single comment on a youtube and he made a whole video about it. His feelings were really hurt,-1
not wanting my brother to come over tomorrow,-1
I get salty when old friends and family members don't follow me back on social media,-1
telling my roommate's friend to shut up,-1
wanting my friends to care about my birthday,0
"A grandma was on the bus and had her purse open too much. I took only a portion of her cash then, after like 8 minutes, kindly told her to close her purse so no one could steal the rest of her money.",-1
denying my biological father contact with his grandchildren,-1
I've ghosted everyone who invited me over to watch the Super Bowl because I don't want to break my diet.,0
losing my cool with my so who has severe health anxiety,-1
Little Bit of Compassion Goes Long Way for Accident Victim,1
"After 5+ years of gradually eroding away my interpersonal relationships and strictly limiting my social interactions, I can finally admit...",-1
My social life on social media is better than irl,0
not sharing all my kitchen appliances,0
Finding people your most comfortable with,0
not wanting my my aunt and her husband at my graduation,-1
wanting some warning that I wasn't going to be needed for a taxi service,1
calling the police on my mom,-1
I feel a general lack of respect for people and don’t quite know why.,0
I prefer spending my time with my pets than people.,1
getting Angry my dad had me call my uncle to tell him Grandma died,-1
I don’t think even a dozen people will show up to my funeral,0
messing up dinner service,1
What's it like being on a date?,0
making an art-related Facebook request,0
He set up camp and left all his food in his tent to go for a hike.,1
breaking up with narcissist abusive bf,1
The afterlife seems pretty ideal right now,-1
My Dutch mother was a single non speaking English language mom for a few years At lunch almost daily this neighbor lady would serve fake nasty canned meat. I regularly stuffed in the chair cushions. My older sister never gave me up. As long as I passed my dessert to her under the table.,0
Be careful in outside world.,-1
confronting the guy who cheated on my sister,1
not wanting my grandma around my service dog,1
I used to make fun of the Mexican kids who couldn't speak Spanish while being a half-Filipino kid who couldn't understand Tagalog or Ilocano,-1
asking to get my tips back from this waitress,-1
"I'm am a huge perv, people have no idea.",-1
"I just watched a video of a cop getting shot to death while wearing a body cam. I need closure, to know that justice was eventually served",1
I lied to get out of the 7th grade camping trip.,-1
I've been charging police officers extra for financial services,-1
"After going out of town for a while, i always tell my cat that i talked about him every day and everyone was jealous of him.",0
I lie to myself every day about my social anxiety.,-1
telling my gf not to like guys photos,-1
I hit someone’s car in my university’s parking garage this morning,0
It’s not satisfying to be too nice.,-1
going into my ex-mother-in-law's to chit chat after dropping my kids off,-1
going on break when it's super busy,-1
"im not a people person; yet, i dont want to be alone. ideally, i want someone that's always on call and works long hours",-1
I slip servers a 50~% tip every time I go out to eat with my SO's mother,1
I like older guys.,0
"I thought he might be a bum, not just mentally ill.",-1
Ignorance is bliss. Social media is poison.,0
getting mad at my roommate with aspergers,-1
More feelings and questions out of the way,-1
Democracy Should Be Abolished,-1
I feel like i have to protect my mother from my father,0
I really hate any form of social media to be honest !!!,0
"feeling left and lonely after my best friend caught a boyfriend, got promoted and day by day stoped communicating and socializing with me",0
I like you more than I should.,0
I am...lost in a world of emptiness,-1
wanting equal opportunity for myself,1
wanting my husband to pay for my daughter's college tuition,0
Romanian guy next door,0
not allowing my in-laws to treat my cat like he is theirs,-1
A couple times a year my friends and I go roller skating.,0
ignoring a stranger's kid wanting to talk to me about video games,-1
Saw a FB post of two of my ex's hanging out... Couldn't stop laughing..,0
keeping my kids away from a dog I don't trust,1
I take do everything in my power to make climate change worse because I believe it would be good if the planet finally purges us.,-1
pretending my dog is a service dog,-1
I tracked a man because he was stalking my friends,0
My parents force me to go to church so I end up going alone and driving to Target instead,-1
I'm afraid of escape rooms,-1
not providing as good a service for medical staff who abused me,-1
So ready to ship my husband's cousin back home,-1
hanging out with my sister and her friends,1
"Half of the time I'm wearing my headphones, I'm not listening to anything. I'm just avoiding talking to people.",1
"Today is probably the loneliest I've ever felt: I met some of my dearest friends in the most unexpected place after being a shut-in for years, and a few hours later I realized how much I miss them and I suddenly felt very lonely",1
lying to my mother because I didn't think she'd react well to the truth,1
using a former Friend's Hulu,-1
I dropped university with out telling my parents to become a professional wrestler,-1
telling my friend to give away his dog,-1
I complained to Door Dash and got a delivery charge refund.,-1
Just moved out and never felt more alone,1
Today I hate my family for being weak,-1
needing frequent validation,0
removing the protective plastic off my friend's tv I was borrowing,0
I just don't understand myself.,0
I'm mad at my friend but it's because he can see right through my defense mechanisms,0
not letting my husband interact alone with our son after he's smoked,-1
I want to be a psychologist but I’m worried I’ll regret it.,-1
wanting everyone to do equal work on a group project,1
"I want to go skydiving, base jumping, or anything else that is free falling and I find it so peaceful to fantasize about falling to my death.",0
I think I’m a social eater,1
"I think Sarah Silverman is a beautiful woman, but not very funny at all.",1
"Even though I know it is not sentient, I argue with my GPS all the time.",0
not tipping the attendant at my monthly parking garage,-1
I slept with my coworker last night. I feel guilty.,0
I'm so tired of seeing pro choice activists on my social media,0
not wanting to go on vacation with the man who violated my wife,0
I ignore my family on social media because i cant stand them. Any invite to a gathering or event makes me cringe.,-1
I don't feel empathy for people,-1
asking someone to leave the group,-1
inconveniencing my group of friends by having someone in our social circle blocked,1
asking my girlfriend to stop singing in the car,-1
not wanting my stepdaughter at a vacation,-1
"Dating someone who is on the spectrum and also has ADHD is hard, but sometimes so worth it.",0
I make my mexican roommate do all the cleaning because I figure he enjoys it,-1
being scared of mentally ill people when I'm mentally ill too,-1
"If a mail carrier doesn't deliver something I paid for and makes me pick it up from one of their stores, I automatically request a refund on that item.",0
I know I have an unhealthy obession with running but I don't want to deal with it.,-1
"holding a grudge against my grandfather for abusing my mother, even though hes changed",0
I want to cut myself to make the people around me understand that I'm not okay.,-1
refusing to let my Uncle and Aunt borrow my car during their visit,-1
"I changed the internet maps of my city by adding additional illegal roads, so that my taxi fare would be lower.",-1
I Think Modern Day Feminism Is Cancer And It's Destroying Relationships In The Western World.,-1
I've been single for 3 years and avoid telling everyone why I won't date because I don't think they'd understand.,0
I have trouble NOT checking out girls in public.,-1
I download TikTok whenever I feel bad about myself.,0
The face on mars scared me for weeks when I was a kid,1
Women are so beautiful,1
refusing to take my Son to a memorial service for his friend,-1
I won't finish a Facebook video if it is going to play an advertisement.,-1
telling my long time friend and brother in law that his focus on my daughter is not ok thus ruining the relationship and my wife's with her sister,1
I exposed my gf a few times and don’t know how to feel about it.,1
I started a No-Tipping movement at my school,-1
wanting my friend to stop wearing his furry getup to school,1
I don't even feel bad...,-1
I'm tired of social media,-1
never wanting to hang out with my best friend because they're socially needy,0
not tipping takeout,-1
"If I had a time machine, one of the things I’d do is steal popular posts before they’re ever posted.",0
A while ago i created dozens of fake Instagram accounts to get people banned that i don't like.,-1
I only play minecraft on christian servers.,-1
"I seem to be a social guy, but I m alone inside",0
I'm sorry Sarah from Macon. I pushed too much. I hope you had a great morning. You're beautiful.,1
endangering another kid's life to save my kid,-1
"A week later, I was offered a place at my chosen university.",0
complaining about housekeeping staff taking my money,0
I punched a baby.,-1
I have now become Pro-Life,-1
I have horrid social anxiety and I've been drinking alcohol to keep me feeling normal,0
talking about a cancer patient with a coworker who's mother also has cancer,0
not letting my daughter unsupervised around her grandma,-1
"I have brought peace, freedom, justice and security to my new empire",1
emailing my sisters beauty pageant company to check if their donation website is legit,0
asking my girlfriend to get an STD test,0
I look down on people,-1
not voting,1
I save all my super-likes on Tinder for Japanese women.,0
I'm a recovered homophobe,1
refusing to pay for a service I didn't ask for,0
wanting my sister to pay the same amount for Mother's day presents,1
refusing to help pay for my friend's birthday gift,-1
I think Fallout 4 is better than New Vegas,0
i'm tired of being on my own.,-1
Social media stalking ex,-1
letting a cat get killed because I was afraid to save it,-1
being mad at my family,-1
getting upset after my best friend basically said she wouldn't support me if I ever had to get an abortion,0
abandoning a stoner in the woods without a compass,1
defending my girlfriend from a naked girl in a concert pit,0
I think i have social anxiety but im to much of a coward to do anything about it,-1
I intended to end my life last night but I changed my mind and today is a beautiful day.,1
deleting my wife's facebook friends,-1
"When a girl calls me a “bro”, I instantly become less nice to her and put her in the friend zone.",-1
I wish I was white.,-1
I have practically no compassion for anyone ever.,-1
I only give money to white panhandlers,1
Flip Answer to Nosy Question Protects Privacy and Friendship,0
being annoyed at my friend for always complaining about their life,-1
I’m a teacher and I won’t take bullets for my students.,-1
having enough with sister in laws bs,-1
I don't understand why I'm in the wrong,-1
"tipping after long wait, terrible service, and under cooked food",-1
asking for a prenup to protect my assets,-1
I think i might have testicular cancer,0
I was told by someone that I’m not allowed to leave social media for my mental health.,0
not wanting to share my birthday with a younger cousin,-1
refusing to be a friend's character reference for army enlistment because I disagree morally with military recruitment,1
i don't want to reactivate social media or start a relationship until i'm skinny,-1
i don't understand why loss is funny or how it became a meme,1
not letting my ex boyfriend talk to my friend,-1
I hate it when people ask me how I am doing. I wish they would just shut up,-1
not letting my teenage daughter sleep over in a house in a really bad neighborhood,1
I don’t know why I’m like this,0
getting my own internet meaning my roommate had to pay for his own also,0
I deleted my last one.,0
"I don't tip. Never have, and never will",-1
I don't find down syndrome beautiful,-1
blocking a follower on social media who is depressed,-1
defending my fiancee,1
I genuinely enjoy advertisements,0
yelling in an urgent situation,-1
I secretly haven’t been going to university,-1
Skipped going to my wife’s play to see Avengers.,-1
I am starting to really enjoy being rejected by beautiful women.,-1
I'm about to fail university in my final year because of depression,0
I delete old FB posts from my teenage years because they’re super embarrassing...,0
calling someone out at a barbecue,1
deleting dead people off my facebook friends list,0
When reading about game of thrones on re-edit I thought “D&amp;D” was referring to dungeons and dragons and I was very confused. Now I know that D&amp;D refers to the creators of the show. Whoops,0
I used to abuse Omegle for my own amusement,-1
stepping in my housemates arguments with her (ex)girlfriend,1
"not understanding simple things, and always wanting them to be explained to me",0
Snowpiercer isn’t a good movie and I don’t understand why it is still so highly rated,0
being rude to a boy because he wouldn't understand I didn't wanted a relationship with him,0
I buy Wodka and give it for free to white homeless people because I hope they drink themselves to death,-1
I pretend to be on the phone so I don’t have to make friends,-1
ending a friendship feels me drowning for years,0
I slapped my 10yo son across the face and manipulated him into keeping a secret,-1
not wanting to go to my friends house,-1
wanting my gf to acknowledge my nude pic,-1
I’m starting to hear things.,1
submitting a complaint on Facebook,0
not wanting to socialize with my family,-1
Anyone else experience days when they see themselves as so beautiful and others when they feel like they look like ugliest creature of all the land?,-1
"I've always been shy, and I could never bring myself to be social.",0
I'm sleeping with my son's girlfriend and I don't care,0
not understanding the duties of a groomsman,-1
continuing using my ex's Netflix and Spotify,-1
"Finally losing weight, but now I don't know how to feel",0
threatening to cut my parents off if my mother tells my father something personal to me,-1
"getting mad at someone on twitter, but somebody else got mad",0
I reply “what did you say?” even if I heard it clearly to give myself more time to think of an answer,1
"Since I couldn't argue with him, I agreed.",0
"I miss my ex and although I don’t click on her Snapchat stories, I still screenshot the thumbnail and zoom in lol",-1
not wanting my gf to post pictures of us in her social media,-1
I semi-purposely caused my little sibling bust her head open,-1
asking to switch seats on a plane,0
telling my husband that his siblings only call for money,-1
I come down to two choices on starting my own business. Which one should I go with? Food truck or Cleaning Service?,0
Blocked my best friend because she roasted my camera quality on snapchat,-1
wearing a leather jacket and eating meat on a date with a vegan,-1
warning my past assaulter's new girlfriend of his past,1
"As a white conservative male I understand my privilege. Not harrassed by law enforcement. I'm able to go anywhere I like without being judged, looked at differently. I could have a barbecue in a park without having the cops called on me. POC don't have this luxury.",-1
I always tip very well. But how well depends on your looks as much as promptness.,-1
I’ve been having a horrible breakout recently and my boyfriend still makes me feel beautiful somehow. I wish I could tell him how much I appreciate that,1
being mad at my dogsitter for their dog attacking mine,0
telling my mom to unfriend me,-1
My religion forbids me from tipping,0
I just signed into fb after many years and made a post,1
not wanting to go a to a party,0
My mom doesn’t discipline my younger sister.,-1
Paid for essay writing service,0
After the haircut I decided that it looked great and tipped her well.,1
possibly getting a delivery guy fired,-1
"I have a fetish with protecting and taking care of a physically weaker, frail, male partner",-1
I feel relieved when my friends have to leave so I’m on my own,0
She is very crafty and she drew everyone beautiful scenery pictures.,1
talking to two coworkers,1
being mad at my friend for canceling,-1
not believing a Friend's Reason for IG Drop,-1
"I hate alcohol, and I think people who drink it irresponsibly are plain idiotic.",1
cutting off a friend I found out was abusing his gf,1
not responding to a girls posts on social media about her having mental breakdowns on a regular basis,-1
I hate people who continue to post themselves singing on social media or sing in general when they can't sing for their lives,-1
being annoyed that my partner has not got in touch with me as their grandmother is dying in hospital,1
"I can't stand any individual facet of Amy Schumer, yet I absolutely would bang her seven days from senseless and I don't understand why.",-1
I think i'm sick in the head,-1
lecturing my younger sibling about his spending habits,1
I believe it should be socially acceptable to verbally abuse fat women,-1
I change my birthday on facebook a couple months beforehand so no one will bother me.,0
"I dont understand why I'm not depressed. In a weird, messed up way, I wish I could be.",0
"I didn't like him for some reason, and I was too little to understand.",-1
distancing myself from a male friend who won't take 'no' for an answer,1
Sometimes I put concealer on my face and forget to blend it in. Beauty goals.,0
not wanting my fiancé to go out and drink alcohol with a work friend,1
When I saw the doctor I complained about the wait time.,-1
being mad at my friends family for changing their plans last minute,-1
"Cheating, Lying, Stealing: A Trio of Confessions",-1
"I am always at a moral impasse when it comes to up-voting posts that made me sad or angry. I feel guilty for some reason, but at the same time if I up-vote it will be “more popular” and give more exposure. It’s a conundrum,",-1
Verizon told me it was a mass outage.,0
going after students in my university to join my faith-based organization,1
taking my tip back from a delivery driver,-1
I like to scam self-checkout machines,-1
asking for a refund on my daycare fees,0
Not sure what possessed me but last weekend I brutally hammerfisted some random guy who was passed out at a party,-1
calling cops on neighbours,1
starting to get mad that my civil complaints to restaurants/service places are ignored and temper tantrums are rewarded,1
letting a friend know that their group is being infiltrated by cops,-1
telling my disabled classmate to be quiet,0
I’ve spent my entire life working to get the body I’ve always wanted and now people can’t see past it.,-1
I can't hear the drums echoing tonight,-1
I had never understood Pollack's appeal until seeing that in person.,1
I was really scared because I didn't know anyone.,0
getting tired of my sister crying,-1
I used to think that a catalytic converter was a Cadillac converter.,0
I started speaking and writing in English about my feelings because it looks like someone else is talking and I feel somehow protected and now I can’t talk about myself in my first language,0
asking my family to stay out of my and my stepsister's dispute? and WIBTA if I refuse to cave in just to keep the peace,-1
I Am Alt-Right But I Don’t Really Have a Problem With Diversity,1
disagreeing with my mother,-1
shutting my pregnant friend out during my miscarriage,-1
expecting more to be done at home while I am at work,1
splitting the internet bill,1
kicking my friend of 17 years out of the group,-1
swore at alittle kid since he didn't get it.,-1
I had a really strange interaction with a person in a public bathroom.,0
I hate when people post pictures of their babies on social media.,-1
getting frustrated with my sick friend,-1
I'm purposely ruining my longest friendship simply because I felt like it.,-1
I always thought All Star was by Backstreet Boys until university,1
Cleanliness Protects Hospital Workers and Patients Alike,1
I still stalk her on social media,0
I used to be an annoying SJW,0
I searched and found my ex-wife on Facebook yesterday.,0
confession of a peeping tom,0
"telling my friend, who was falsely accused of sexual assault at work, to not contact my contacts without asking me first",0
blocking a longtime friend over a single creepy message,1
asking reddit if my bf r*ped me? kinda tw,-1
"meeting up with only 1 friend, didn't invite the other and for not being sympathetic to left out friend",-1
letting an old lady get scammed,-1
I've learned this week that my social circle has far more racists than I had ever imagined.,1
I bullied a kid because he was molested,-1
telling what might have been a racist joke,-1
I'm afraid to post anything on most social media outlets.,-1
spending time with both parents,1
I'm tired of social movements,-1
I busted my load inside of my girlfriend right as the clock struck midnight,-1
I smoked the other night and I’ve felt weird since,0
being mad that my long distance girlfriend didn't text me goodnight after a night getting drunk,1
not wanting to share my trauma when asking people to not do certain things,1
I support transgender rights but hate the only trans person I know.,-1
giving my brutally honest opinion on my sister's situation,0
I feel mostly empty and i feel pretty fine with it.,-1
People always use acronyms and I almost never understand them so I just sorta pretend I know what they’re saying,0
creating a private Instagram Account to post my college results as well as life updates,-1
not letting my family pass around my barely full term newborn,-1
I was polite and competent to customer support,1
I feel happy when those who have hurt me suffer GREAT pains in their lives.,-1
not wanting gf to dance with random dudes on our night outs,1
getting tired of my girlfriend's poor English,-1
spilling coffee on my so's sheets,-1
I threw out all my boxer briefs and forced myself to wear only women thong underwear. I'm a dude.,-1
We can take every precaution in the book...,1
letting a horde of zombies kill my dad because he was trying to make me mad by picking up the items I wanted,0
not trusting SIL to watch my kid,-1
"I Quit Facebook, And I feel more Free.",1
not tipping when I takeout,-1
not wanting to participate in holiday festivities,-1
helping a girl with school work for a blowjob,-1
I hack my ex’s Facebook,-1
I believe beauty is more important than health,-1
"requesting to be seated away from a family with children including one with special needs child do to their noise level, causing them to leave the restaurant",-1
telling me sister's bf that she is cheating on him,0
I Need To Undo Myself As A Service To Others,1
i’m an egalitarian and i believe females are inferior to men,-1
being pissed on the waiter for forgetting my girlfriend's order,-1
I cannot tell the difference between genuine and sarcastic statements in Canadian accents.,0
being frustrated at my gf for sleeping in calls with someone else every night,-1
I'm a professional athlete. I use Instagram to find and sleep with college-age women.,0
"I’m slowly turning into a furry, and I can’t stop it",-1
I condesendingly talk about social media.,-1
I have a lying problem,0
"He was my brother, and I let him go into the darkness alone.",-1
Years ago I did a bad thing to a woman I worked for who would never remember me. I remember her and to this day I continue to follow her on social media.,-1
Didn’t know this could happen!!,0
yelling at a drunk girl to get fuck out of my campsite,1
reporting a step family member about her disability payments,-1
All My Unfiltered and Unspoken Emotions—Every Bad Thought I Wanted to Tell The Person Who Understood Me,1
breaking off a friendship with a girl because of her social anxiety,-1
I called the cops on my Aunty for not feeding her kids and having them clean the house at 11P.M on a school night.,1
wanting to install a fence around my home,0
I order things online so I have something to look forward to.,0
refusing to post an article on social media,0
I pretend that I believe in astrology to fit in socially,-1
asking others not to post my photos on fb,0
being fed up with my girlfriends mental illness,-1
"expecting my parents, who want the best for me, to understand my self destructive thoughts",1
sketching in a university space,0
cutting off financial support to my mother,-1
Struggling to make peace with my past,1
my mom gets sick a lot ever since i was 13 and i hate her for it,0
wanting proof my boyfriend has changed,1
bringing my dogs to a restaurant,0
"Although I benefit from other people's posts about beautiful places, I almost never post info myself.",0
Instagram to boost my ego,-1
"When I’m sad or in a really bad place emotionally I have a tendency to be very compassionate,understanding, and calm",1
flagging down a server,1
getting upset with customer service,-1
blocking my depressed friend,-1
How come Stevie Wonder &amp; Ray Charles can't read?,1
I unfollow women on social media when they announce they’re pregnant.,-1
"I have no idea what's going on in Star Wars Episodes I, II and III.",0
questioning where an Instagram page gets their content from,0
"I fully believe that vegans are absolutely in the moral right, but there's no way I'm giving up meat",0
telling a girl Im seeing I didnt like her being on twitter,-1
I catfished on wattpad,-1
"I've been playing Angry Birds Rio for like, 6 hours.",0
I’m still not over you Alejandro,0
Husband's Luddite Attitude Puts a Heavy Burden on Wife,-1
putting my daughter's children at risk of being taken away,-1
I've never been the designated driver,1
I do a lot of the social work I do only to meet and talk with other volunteers and for more social interactions,1
reporting my parents and putting my mother in hospital,1
Hard to paint a future when you missing things,1
Joined a prestigious university by cheating and my life has never been worse.,-1
"I lived in china for 3 years, yet I still have no idea how to use chopsticks",0
A feminst wants me dead,-1
saying I don't want my brother to see an r rated movie,-1
breaking up with my amazing boyfriend due to social pressures,0
A jaded mental health worker,-1
"Has Nandos today, tried that Vasa Vusa sauce which is delicious. Went for a poo just now, ive got the ring of fire! Call the fire services!",0
I don't get it,0
locking my room while on vacation,1
wanting to avoid my hyper-anxious friend,-1
I'm a loner not because I don't have any friends.,-1
not being more considerate of my mums financial situation,-1
I heavily over tipped yesterday,1
having a bf when that's considered unchaste in my culture,0
abruptly ending this friendship,0
kind of lying to girls by saying I'm an artist,-1
I've only ever blocked 2 people on Facebook - both of them are family.,-1
not coming out of my Room for Thanksgiving,-1
getting upset at people for sitting at the table I was sitting at,-1
tipping my friend/roommate 16% when he was our waiter,-1
I want to adopt a little Asian girl so that eventually I can get free lap dances from her.,-1
I’m terrible at socializing,0
not wanting to go to my girlfriend's Christmas party,0
thinking that the mutants in the x-men universe should probably all be killed,-1
"wanting to publicly out someone who screwed, not just me, but hundreds of people over",0
N Words Shouldn’t Be Allowed To Vote,-1
not starting conversations,-1
getting mad at my boyfriend because he forgets everything I tell him,-1
not wanting to leave my house for my Ex's birthday party,-1
White privilege exists and I have proof. I'm a white kid that always lived in middle class diverse neighborhoods. I've been around crime and different cultures.,1
I don’t know why,0
I be pissing if my mom wont divorce my dad after what he did to her,1
not paying for things I'm not going to receive,-1
The lengths I went to alleviate my social anxiety,0
I have terrible trust issues.,-1
not letting my dad kiss my son/his only grandchild,-1
lying to my friend about how she changed her clothes,-1
I'm addicted to social media,-1
being angry at my best friend when she asks if she can have my boyfriend if I die,-1
I called CPS on my neighbor,0
Sometimes when I’m bored I will go onto Christian Facebook pages and read the comments,-1
I was the only one to see my father take his last breath and just stared at him for almost 10mins before someone else noticed.,1
wanting a prenup strictly towards my government retirement,-1
leaving my fiance over his reaction to me getting a student suspended,0
asking my friend not to tell me their sexual anecdotes even though they let me tell them mine,0
blocking my sister on Facebook,-1
fixing a project,0
"When she arrived, she was really tired.",1
looking up hot girls on instagram,0
"singling out, embarrassing, and causing a coworker to become ostracized because she misused the it service",-1
I turned off social media notifications on my phone and removed probably 90% of tension and arguments from my relationship. He doesn’t know this is one of the reasons we hardly fight now.,1
When I’m sad or feeling really down I tend to make fun of people on social media,-1
telling my future MIL that she can't see her future grandchildren,-1
It was beautiful and they had lots of activities for the kids.,1
not fixing my friends floor,-1
joking with a straight face to an acquiantance that he doesn't mix with peace and quiet,-1
I want someone to tell me I’m beautiful.,1
thinking my partner should do most of the chores,-1
caving in and working for a for-profit university,1
I hate that my friend has a social life,-1
going off on a Kroger employee,-1
wanting better customer service,1
ignoring my father's phone calls,0
"To my chagrin, I saw someone else there wearing the same dress.",1
being upset that my neighbor when into my car without my permission,1
ending up eating over 1/2 of the ice cream my dad bought me and my brother,-1
wanting a soccer ball of equal quality for the sale price,1
I always laugh when Europeans on the internet think they are equal to Americans,-1
I'm not good with these things,0
Sometimes I click on Facebook Ads when I have no interest in the product or service being marketed.,0
Kate was upset to be charged for her online TV subscription.,0
People who have fake fruit on their table should have something they love ripped away from them So they will understand the pain of discovering that juicy crisp apple is actually fake.,-1
having my dong posted on Insta w/o permission,-1
"I am a firm believer that you can only have one bestfriend. So, I don't have a bestfriend because of this.",-1
